{
    "timestamp": "20260512_114441",
    "hyperparameters": {
        "RESOLUTION": 40,
        "MDM_LC": 10.0,
        "WG_LENGTH": 1.0,
        "WG_WIDTH": 2.2,
        "N_SIO2": 1.44,
        "N_SI": 3.48,
        "wl_cen": 1.55,
        "FCEN": 0.6451612903225806,
        "DF": 0.06451612903225806,
        "NFREQ": 1,
        "gaussian_kernel_size": 5,
        "gaussian_kernel_sigma": 1.0,
        "tanh_beta": 50,
        "tanh_eta": 0.5,
        "smooth_threshold": 0.5,
        "GRID_ROWS": 10,
        "GRID_COLS": 10,
        "SAMPLER_TYPE": "SA",
        "INIT_SIM_COUNT": 30,
        "ITERATIONS": 10,
        "SAMPLES_PER_ITER": 30,
        "FM_EPOCHS": 1000,
        "FM_LR": 0.001,
        "FM_K": 8,
        "NUM_READS": 1500,
        "NUM_SWEEPS": 1000
    },
    "time_records": {
        "total_time_seconds": 37639.8384206295,
        "total_meep_time_seconds": 37540.91181206703,
        "avg_fm_train_time": 8.328894591331482,
        "avg_new_data_sim_time": 3286.673045396805,
        "total_fm_time": 83.28894591331482,
        "total_sa_time": 11.827462434768677,
        "total_fdtd_time": 37540.91181206703,
        "other_time": 3.8102002143859863
    },
    "results": {
        "best_fom": 0.0002463261985147449,
        "best_latent_flat": [
            0,
            0,
            0,
            1,
            1,
            0,
            1,
            0,
            1,
            1,
            1,
            1,
            0,
            0,
            1,
            0,
            1,
            1,
            0,
            1,
            1,
            1,
            1,
            0,
            1
        ],
        "fom_evolution_history": [
            0.000397731788863933,
            0.000397731788863933,
            0.000397731788863933,
            0.0002463261985147449,
            0.0002463261985147449,
            0.0002463261985147449,
            0.0002463261985147449,
            0.0002463261985147449,
            0.0002463261985147449,
            0.0002463261985147449,
            0.0002463261985147449
        ],
        "all_evaluated_foms": [
            0.3523686570582499,
            0.3726137753080942,
            0.4256479783923286,
            0.24589930211201003,
            0.3726137753080942,
            0.27519986970756244,
            0.49091213446626475,
            0.41808042756847924,
            0.3113083315053354,
            0.37725024975850974,
            0.38770531257472923,
            0.2859644642831894,
            0.34303767275518465,
            0.3847570922042229,
            0.24589930211201003,
            0.2858172450527042,
            0.3131991152933406,
            0.3432779355340638,
            0.4096892551501134,
            0.3021196590386101,
            0.2859644642831894,
            0.31323549617004687,
            0.23524423666741442,
            0.4924169357882588,
            0.4728813188820378,
            0.3131991152933406,
            0.000397731788863933,
            0.4728041630400068,
            0.33698970704968306,
            0.4256483955178101,
            0.3632858897401477,
            0.3038903105892897,
            0.29953761613567353,
            0.4935659605019176,
            0.2859644642831894,
            0.4639454702213736,
            0.2860291972379693,
            0.11788588447970576,
            0.38054029792740235,
            0.2860291972379693,
            0.4571145559814329,
            0.42309383784576565,
            0.4990499296512152,
            0.49378069623487625,
            0.4141797595526777,
            0.49865148360503575,
            0.39136236392604723,
            0.31724374851531817,
            0.2859644642831894,
            0.2857857128229548,
            0.3575207887022805,
            0.28597754382240254,
            0.47455370234278527,
            0.3897506279469806,
            0.4260331996591474,
            0.28597754382240254,
            0.33695436220074976,
            0.4120665253630514,
            0.42838336117254583,
            0.38625111156655434,
            0.31246886443419136,
            0.3009442887949421,
            0.31246886443419136,
            0.31246886443419136,
            0.0069317693512973245,
            0.3845035195588871,
            0.2859644642831894,
            0.4256828882082435,
            0.4431363823744962,
            0.4321549838568722,
            0.4255678935057103,
            0.49866236627547883,
            0.317115658955374,
            0.32719985504346777,
            0.3116976246950938,
            0.3957579386255104,
            0.2859644642831894,
            0.47449491738549515,
            0.4051334173045056,
            0.49366350708295453,
            0.4119212520543591,
            0.4383256099800594,
            0.4410046784914226,
            0.4591276443692123,
            0.49099519121829277,
            0.4252466119469865,
            0.4120388293157047,
            0.4674980011326327,
            0.2859711568228299,
            0.4256479783923286,
            0.0002463261985147449,
            0.04549150717923777,
            0.013846516719182057,
            0.028696519453138346,
            0.028696519453138346,
            0.3113083315053354,
            0.28607777743987345,
            0.4120665253630514,
            0.4256479783923282,
            0.4135212381343503,
            0.39972558910309636,
            0.3276196250273019,
            0.4360465701135298,
            0.3847570922042229,
            0.002661669917246531,
            0.31328544104105877,
            0.4267222801245231,
            0.2860291972379693,
            0.34744389962726574,
            0.3847561813155138,
            0.2859644642831894,
            0.33222966871025394,
            0.36599275910781975,
            0.46425783376578705,
            0.425418953211025,
            0.4599065309112244,
            0.40392295796033223,
            0.2578853384315651,
            0.35800114085720486,
            0.42564839548504696,
            0.0015058717281621963,
            0.0008535750047421372,
            0.40283728748947634,
            0.058843244113932436,
            0.3600672506097085,
            0.4256479783923286,
            0.3446684254374701,
            0.4736609310690898,
            0.28597754382240254,
            0.485933793680521,
            0.4262645556557336,
            0.2860291972379693,
            0.3847570922042229,
            0.4756900216340611,
            0.3113918694405576,
            0.4120388293157047,
            0.425418953211025,
            0.4805540035616955,
            0.24589930211201003,
            0.3847570922042229,
            0.24589930211201003,
            0.33735552233009597,
            0.43983396428625304,
            0.4321549838568722,
            0.3847570922042229,
            0.008433836320216001,
            0.3442475892565675,
            0.2859644643082315,
            0.27519986970756244,
            0.41477822577193674,
            0.04926978145984189,
            0.4746253529517277,
            0.35410035967453596,
            0.3010993589935789,
            0.35410035967453596,
            0.46180624489517813,
            0.08147317620719528,
            0.04205342180162366,
            0.018559471515173478,
            0.04205342180162366,
            0.2141911473914483,
            0.3005657099903029,
            0.0044819260081175516,
            0.020456064756931052,
            0.2771492390242784,
            0.002661669917246531,
            0.002661669917246531,
            0.20743498723674367,
            0.0044819260081175516,
            0.21134162138467125,
            0.04926978145984189,
            0.01849878436174937,
            0.020456064756931052,
            0.4658839492821709,
            0.4183677258234053,
            0.35800114085720486,
            0.4260331996591474,
            0.3726137753080942,
            0.4183683813732077,
            0.49380346349089516,
