{
    "timestamp": "20260508_194909",
    "hyperparameters": {
        "RESOLUTION": 40,
        "MDM_LC": 5.0,
        "WG_LENGTH": 1.0,
        "WG_WIDTH": 1.0,
        "N_SIO2": 1.44,
        "N_SI": 3.48,
        "wl_cen": 1.55,
        "FCEN": 0.6451612903225806,
        "DF": 0.06451612903225806,
        "NFREQ": 1,
        "gaussian_kernel_size": 5,
        "gaussian_kernel_sigma": 1.0,
        "tanh_beta": 50,
        "tanh_eta": 0.5,
        "smooth_threshold": 0.5,
        "GRID_ROWS": 10,
        "GRID_COLS": 10,
        "SAMPLER_TYPE": "SA",
        "INIT_SIM_COUNT": 30,
        "ITERATIONS": 10,
        "SAMPLES_PER_ITER": 30,
        "FM_EPOCHS": 500,
        "FM_LR": 0.001,
        "FM_K": 8,
        "NUM_READS": 1500,
        "NUM_SWEEPS": 1000
    },
    "time_records": {
        "total_time_seconds": 14076.926666021347,
        "total_meep_time_seconds": 14004.525453567505,
        "avg_fm_train_time": 5.227246165275574,
        "avg_new_data_sim_time": 1215.853269791603,
        "total_fm_time": 52.27246165275574,
        "total_sa_time": 13.745306253433228,
        "total_fdtd_time": 14004.525453567505,
        "other_time": 6.383444547653198
    },
    "results": {
        "best_fom": 2.7866486696833264e-05,
        "best_latent_flat": [
            1,
            1,
            1,
            1,
            1,
            1,
            0,
            0,
            0,
            1,
            1,
            1,
            0,
            0,
            1,
            1,
            0,
            0,
            1,
            1,
            0,
            0,
            1,
            1,
            1
        ],
        "fom_evolution_history": [
            0.019884664891058786,
            0.00016351736279808835,
            0.00016351736279808835,
            0.00016351736279808835,
            2.7866486696833264e-05,
            2.7866486696833264e-05,
            2.7866486696833264e-05,
            2.7866486696833264e-05,
            2.7866486696833264e-05,
            2.7866486696833264e-05,
            2.7866486696833264e-05
        ],
        "all_evaluated_foms": [
            0.39894262660425,
            0.019884664891058786,
            0.3981035761414252,
            0.4973384336204568,
            0.3589254721704162,
            0.4840595995491574,
            0.24060646933002555,
            0.1821428786286463,
            0.20534702531258672,
            0.40926515329008,
            0.46613327934146914,
            0.3983632717589555,
            0.39836270619389125,
            0.20244768827386742,
            0.5292821244138056,
            0.2909933622607495,
            0.3560934596561834,
            0.28171987432073226,
            0.20224760384760065,
            0.20224375684575127,
            0.1821428786286463,
            0.4797859893305783,
            0.398434046799947,
            0.3607296535754829,
            0.1821428786286463,
            0.18215982096422628,
            0.1821428786286463,
            0.2984105533711454,
            0.023216323951779343,
            0.33620983338596677,
            0.18225171508332194,
            0.2754820593450408,
            0.21778541377130545,
            0.18225171508332194,
            0.18305193584300558,
            0.00016351736279808835,
            0.35643000025007665,
            0.3282545415531359,
            0.447730576082919,
            0.30119741266727124,
            0.4811211869289127,
            0.3655098033312585,
            0.39472185973869045,
            0.19974989964240544,
            0.019884664891058786,
            0.47727560676370084,
            0.372688313676729,
            0.3011972027571986,
            0.18189028885533665,
            0.48394193315810397,
            0.45414734262736267,
            0.4965585852675085,
            0.40003875122623195,
            0.2378444294671784,
            0.30119741266727124,
            0.39472185973869045,
            0.18691322216750725,
            0.1821428786286463,
            0.3551020166684273,
            0.18225666111834446,
            0.23613997435072473,
            0.1699138998497708,
            0.18889476741288452,
            0.20027689195369638,
            0.28922655504208833,
            0.33957191289782473,
            0.19877075666351735,
            0.47258748590617766,
            0.21652412540264748,
            0.39836270619389125,
            0.18213874520941611,
            0.3980460190386741,
            0.4916375901332487,
            0.40926515329008,
            0.39817514899244616,
            0.39836270619389125,
            0.39837089559041566,
            0.43614148618001275,
            0.47731901291205997,
            0.21979691281592936,
            0.4256868219474237,
            0.4952592759812289,
            0.3198257554505699,
            0.4903853040504797,
            0.36265209212097665,
            0.4352564588101467,
            0.19982486504767769,
            0.20224760384760065,
            0.4490998654287822,
            0.2533769533937259,
            0.1805881535416705,
            0.07472769837918077,
            0.20060608301339566,
            0.22018448383577233,
            0.20091963654655534,
            0.1805881535416705,
            0.00017006480407892865,
            0.2058501493989574,
            0.22027594609405557,
            0.20696008081208953,
            0.30119741266727124,
            0.08888240287845611,
            0.39856769583790813,
            0.49161993854467656,
            0.496203619289126,
            0.19982572826657571,
            0.32518424704876114,
            0.38970846450443836,
            0.39836270619389125,
            0.39894262660425,
            0.1821428786286463,
            0.23288238605753514,
            0.28565374962914125,
            0.20626721162728773,
            0.18215982096422628,
            0.2988032161199382,
            0.39837089559041566,
            0.39836270619389125,
            0.20224375684575127,
            0.527502427365276,
            0.24650436364679207,
            0.23188484378854154,
            2.7866486696833264e-05,
            0.24650436364679207,
            0.2132602507792882,
            0.19848778828615057,
            0.19848778828615057,
            0.002959459640596216,
            0.3800477205626692,
            0.19877075666351735,
            0.39836270619389125,
            0.37991122709526254,
            0.47258748590617766,
            0.30039701127153917,
            0.3963996080636799,
            0.20239849679879066,
            0.47768693608600166,
            0.39836270619389125,
            0.34852839075074,
            0.006601689537454918,
            0.4342106193696285,
            0.20534702531258672,
            0.39811177582143414,
            0.23463800427691223,
            0.3980419437368507,
            0.20507366664792,
            0.39836270619389125,
            0.26197967123068844,
            0.11138404066423281,
            0.5415371852089892,
            0.16378748247310648,
            0.2910009165893049,
            0.17847313291331732,
            0.05121189386049916,
            0.18230144268405757,
            0.2047601224576355,
            0.17252623656633123,
            0.19795789496683933,
            0.3007188742648287,
            0.19757920815389163,
            0.05223762946723849,
            6.045071469737816e-05,
            0.2691355111663403,
            0.279760589396235,
            0.18230144268405757,
            0.1813248477856795,
            0.05121189386049916,
            0.05126577536181871,
            0.1933694620608909,
            0.18718909499366165,
            0.21685269348249034,
            0.05126577536181871,
            0.4203991774497204,
            0.24555081718817579,
            0.051191653269070075,
            0.2047601224576355,
            0.16821933882850082,
            0.0450296933126523,
            0.22748056363717636,
