{
    "timestamp": "20260513_074451",
    "hyperparameters": {
        "RESOLUTION": 40,
        "MDM_LC": 10.0,
        "WG_LENGTH": 1.0,
        "WG_WIDTH": 2.2,
        "N_SIO2": 1.44,
        "N_SI": 3.48,
        "wl_cen": 1.55,
        "FCEN": 0.6451612903225806,
        "DF": 0.06451612903225806,
        "NFREQ": 1,
        "gaussian_kernel_size": 5,
        "gaussian_kernel_sigma": 1.0,
        "tanh_beta": 50,
        "tanh_eta": 0.5,
        "smooth_threshold": 0.5,
        "GRID_ROWS": 10,
        "GRID_COLS": 10,
        "SAMPLER_TYPE": "SA",
        "INIT_SIM_COUNT": 30,
        "ITERATIONS": 10,
        "SAMPLES_PER_ITER": 30,
        "FM_EPOCHS": 1000,
        "FM_LR": 0.001,
        "FM_K": 8,
        "NUM_READS": 1500,
        "NUM_SWEEPS": 1000
    },
    "time_records": {
        "total_time_seconds": 50307.010976314545,
        "total_meep_time_seconds": 50210.237869501114,
        "avg_fm_train_time": 8.125659632682801,
        "avg_new_data_sim_time": 4422.1322556734085,
        "total_fm_time": 81.256596326828,
        "total_sa_time": 11.978889226913452,
        "total_fdtd_time": 50210.237869501114,
        "other_time": 3.537621259689331
    },
    "results": {
        "best_fom": 0.0016852419829596133,
        "best_latent_flat": [
            1,
            0,
            0,
            1,
            1,
            0,
            1,
            0,
            1,
            1,
            0,
            0,
            0,
            0,
            1,
            0,
            0,
            1,
            0,
            1,
            0,
            1,
            1,
            1,
            1
        ],
        "fom_evolution_history": [
            0.31759235164220234,
            0.31759235164220234,
            0.28524379671039674,
            0.13341552314934393,
            0.13341552314934393,
            0.004581297610772968,
            0.0023658969502463314,
            0.0016852419829596133,
            0.0016852419829596133,
            0.0016852419829596133,
            0.0016852419829596133
        ],
        "all_evaluated_foms": [
            0.4565850796679107,
            0.49524975942528116,
            0.47168470329804935,
            0.43211584352547067,
            0.45987951965813323,
            0.4888904896154319,
            0.31759235164220234,
            0.47887711433115915,
            0.3584706958256341,
            0.3948092648535061,
            0.436888396745399,
            0.32973812632250415,
            0.32727715522962714,
            0.3176319744953882,
            0.3950574104241687,
            0.49406798384688566,
            0.35631615624493435,
            0.36547555063820664,
            0.3376473635484566,
            0.3176319744953882,
            0.44353900523311895,
            0.4105968967263655,
            0.3881760148465459,
            0.4881216402662846,
            0.40590989673061273,
            0.4425018841346005,
            0.39411593969955294,
            0.3383799575144578,
            0.3595242330159168,
            0.386835555937559,
            0.3176319744955235,
            0.3396163321693211,
            0.34310676703928394,
            0.47877919629469257,
            0.41352982057989296,
            0.43211584352547067,
            0.41267351814632847,
            0.4840633022977505,
            0.3781750035111099,
            0.37154131234628035,
            0.35343997037567726,
            0.35631615624493435,
            0.44249526666642486,
            0.3949620584729972,
            0.37683574742598597,
            0.4425018841346005,
            0.4377905332637332,
            0.4320828211228889,
            0.45730392119163715,
            0.4431061986058478,
            0.3261887309111116,
            0.4425018841346005,
            0.3176319744953882,
            0.4609978915216426,
            0.4444111014417822,
            0.43773524789435825,
            0.4790206486592846,
            0.4368153274226972,
            0.37543800766325075,
            0.3456715172427691,
            0.3176319588404394,
            0.30671445582194834,
            0.28524379671039674,
            0.31723435384353815,
            0.31763301886894835,
            0.35793249082102613,
            0.44435419394158066,
            0.3022569852779431,
            0.3229689443118529,
            0.44232750653631214,
            0.41512355181178257,
            0.3704857838824389,
            0.40468935229757497,
            0.38875061961185164,
            0.35730700445984337,
            0.4368153274226972,
            0.3261887309111116,
            0.44250188413754854,
            0.31509075417349935,
            0.40844421646765344,
            0.4808098258757781,
            0.4770486472089106,
            0.3361337585462766,
            0.40256579866669623,
            0.44444446917115754,
            0.3584706958256341,
            0.4425023323872266,
            0.49132929652673396,
            0.42322985299338967,
            0.40174865179576613,
            0.3176066361009432,
            0.34618043027613726,
            0.3860649647012706,
            0.3779651980485928,
            0.3176066361009432,
            0.3716106453376124,
            0.3716106453376124,
            0.38354534647794775,
            0.3860649647012706,
            0.3779651980485928,
            0.3408681552000274,
            0.13341552314934393,
            0.4752180490073802,
            0.3152063896227715,
            0.35800645135069503,
            0.48836715285728327,
            0.497663230998295,
            0.4739674290863082,
            0.4424244531878069,
            0.438676227345936,
            0.35585930683623407,
            0.44438316153643737,
            0.44429620825732863,
            0.33837961129429067,
            0.31770352163659493,
            0.3338986937557349,
            0.4636633152108908,
            0.31762686145947133,
            0.3563275351303996,
            0.339553504107336,
            0.3176320552588377,
            0.35845081003008833,
            0.29208569514502986,
            0.29208569514502986,
            0.35464374583898556,
            0.35464374583898556,
            0.4425018841346002,
            0.3509561458419352,
            0.40590989673061273,
            0.46611438550626466,
            0.31748278091791593,
            0.4368153274226972,
            0.35087540533011935,
            0.3809789712422551,
            0.49914371824751647,
            0.3176319744953882,
            0.34012874296773277,
            0.3176813206810552,
            0.3867923069845497,
            0.43211584352547067,
            0.43211584352547067,
            0.49524975942528116,
            0.44700926962593485,
            0.4940969294703184,
            0.4425018841346005,
            0.31762686145947133,
            0.30416490745558306,
            0.4425018841346005,
            0.41053662265711843,
            0.4422662695533704,
            0.13341552314934393,
            0.3175607498276072,
            0.3176331552675424,
            0.13341552314934393,
            0.33406156793559905,
            0.3175607498276072,
            0.3243618346019836,
            0.37909390841272167,
            0.46251486296010164,
            0.3948092648535061,
            0.33974600638179986,
            0.49375600416152965,
            0.004581297610772968,
            0.3514261349765492,
            0.43821172874079656,
            0.40219191003722066,
            0.35631615624493435,
            0.44429620825732863,
            0.36686929000136276,
            0.45876715673852286,
            0.31762686145947133,
            0.44250188413460206,
            0.4425023323872282,
            0.31770352163659493,
            0.42565083187787145,
            0.44435419394158066,
            0.4005314440624206,
            0.49524975942528116,
            0.48896169671176964,
            0.45645685265506325,
