{
    "timestamp": "20260504_123820",
    "hyperparameters": {
        "RESOLUTION": 40,
        "MDM_LC": 4.0,
        "WG_LENGTH": 1.0,
        "WG_WIDTH": 0.5,
        "N_SIO2": 1.44,
        "N_SI": 3.48,
        "wl_cen": 1.55,
        "FCEN": 0.6451612903225806,
        "DF": 0.06451612903225806,
        "NFREQ": 1,
        "gaussian_kernel_size": 5,
        "gaussian_kernel_sigma": 1.25,
        "tanh_beta": 50,
        "tanh_eta": 0.5,
        "smooth_threshold": 0.5,
        "GRID_ROWS": 10,
        "GRID_COLS": 10,
        "SAMPLER_TYPE": "SA",
        "INIT_SIM_COUNT": 30,
        "ITERATIONS": 15,
        "SAMPLES_PER_ITER": 30,
        "FM_EPOCHS": 1000,
        "FM_LR": 0.001,
        "FM_K": 8,
        "NUM_READS": 1500
    },
    "time_records": {
        "total_time_seconds": 11860.413805007935,
        "total_meep_time_seconds": 11601.111804962158,
        "avg_fm_train_time": 15.943398920694987,
        "avg_new_data_sim_time": 712.5839547634125,
        "total_fm_time": 239.1509838104248,
        "total_sa_time": 15.604776859283447,
        "total_fdtd_time": 11601.111804962158,
        "other_time": 4.546239376068115
    },
    "results": {
        "best_fom": -0.9620964368081196,
        "best_latent_flat": [
            1,
            1,
            0,
            1,
            1,
            0,
            0,
            0,
            0,
            1,
            1,
            1,
            0,
            0,
            1,
            1,
            0,
            1,
            1,
            1,
            1,
            1,
            0,
            1,
            0
        ],
        "fom_evolution_history": [
            -0.9426872493260678,
            -0.9426872493260678,
            -0.9426872493260678,
            -0.9426872493260678,
            -0.9426872498304496,
            -0.9426872498304496,
            -0.9426872498304496,
            -0.9426872498304496,
            -0.9426872498304496,
            -0.9426872498304496,
            -0.9426872498304496,
            -0.9426872498304496,
            -0.9426872498304496,
            -0.9620964368081196,
            -0.9620964368081196,
            -0.9620964368081196
        ],
        "all_evaluated_foms": [
            -0.1285763726249322,
            -0.06678801742094266,
            -0.16006878563939086,
            -0.012554154765386731,
            -0.020170344929262434,
            -0.3141877285586254,
            -0.10515687714271468,
            -0.06678800406632794,
            -0.9426872493260678,
            -0.11323671835015178,
            -0.06678799458269376,
            -0.17611273874645372,
            -0.06678802366692531,
            -0.11512746597908903,
            -0.006790784541072465,
            -0.06678522196226234,
            -0.23383016019511849,
            -0.23383014920429826,
            -0.06678799458269417,
            -0.03861241668686334,
            -0.25958451740025357,
            -0.1826884132092844,
            -0.233830210501088,
            -0.011019380686402576,
            -0.038291442329883796,
            -0.045100468798420563,
            -0.45826851201734875,
            -0.07133655823357644,
            -0.1807235149674621,
            -0.2978566037620291,
            -0.15709665264301859,
            -0.8374974827494848,
            -0.18775867451976355,
            -0.9401728936792437,
            -0.9401728936792437,
            -0.8374974827494848,
            -0.24154467038508226,
            -0.12232861223768347,
            -0.10683279722825341,
            -0.03130045377151188,
            -0.006874843484962263,
            -0.06678800406632794,
            -0.21126197945984443,
            -0.21447673873411222,
            -0.0036524389995123744,
            -0.027974466407075554,
            -0.06678801742094266,
            -0.06678799458269417,
            -0.7315120999626973,
            -0.23383014920429826,
            -0.23383014920429826,
            -0.1906266827023231,
            -0.14751268550226174,
            -0.18268839532931816,
            -0.546464023275931,
            -0.20575115551701004,
            -0.1587711756090175,
            -0.10022154371733573,
            -0.24975994118625808,
            -0.11543036281843584,
            -0.233830135251318,
            -0.233830135251318,
            -0.23383015847974353,
            -0.23383008778011488,
            -0.18853561739373687,
            -0.006874843484962263,
            -0.20575115551701004,
            -0.6458583529842026,
            -0.1266611484887505,
            -0.23383016019511849,
            -0.11512746716657317,
            -0.2338301637856319,
            -0.23383014920429826,
            -0.06678799458269417,
            -0.06678801742094266,
            -0.08398966519004086,
            -0.02272648080551676,
            -0.10280855912619531,
            -0.1826884132092844,
            -0.06678799458269417,
            -0.20573123707919638,
            -0.06678800406632794,
            -0.23383016019511849,
            -0.06678799458269417,
            -0.05383305285341004,
            -0.23207006134184893,
            -0.2991575499889104,
            -0.11512751566362033,
            -0.06990281284128463,
            -0.011019381129376126,
            -0.22055556322096773,
            -0.10929231266353362,
            -0.14651699541743723,
            -0.21353205645919607,
            -0.10929231266353362,
            -0.13604677209985075,
            -0.22055556322096773,
            -0.42354293658011033,
            -0.10202939833621866,
            -0.21353205645919607,
            -0.23383016019511849,
            -0.06678800730398356,
            -0.03771294504796744,
            -0.045100468798420563,
            -0.3366881202187845,
            -0.09130769888819054,
            -0.06990280520268158,
            -0.10683279722825341,
            -0.5843138482365758,
            -0.8862513677832449,
            -0.23307562211080535,
            -0.0955427415912733,
            -0.07766778692190474,
            -0.2338302215227314,
            -0.2338301637856319,
            -0.12622172456895328,
            -0.06678799458269417,
            -0.33559746251841754,
            -0.005035234549579589,
            -0.15218173930224357,
            -0.8648626731724265,
            -0.9426872498304496,
            -0.9426872493260678,
            -0.8648626731724265,
            -0.9426872498304496,
            -0.8648149612726805,
            -0.9426872498304496,
            -0.9426872498304496,
            -0.7857195407477989,
            -0.3051234821343956,
            -0.10376623536907836,
            -0.8244171634751185,
            -0.8648626731724265,
            -0.11654732066031379,
            -0.8970059310850902,
            -0.10632330477894365,
            -0.8970059310850902,
            -0.6851084582960015,
            -0.5640071737995982,
            -0.9256616371064862,
            -0.10971719792089905,
            -0.1443676165292558,
            -0.1443676165292558,
            -0.10468447614349977,
            -0.10632330477894365,
            -0.9089460733257475,
            -0.15244754305468575,
            -0.16560206542205022,
            -0.3907606741055514,
            -0.7218079421353909,
            -0.16668312813404412,
            -0.10549048883782637,
            -0.42536841767241707,
            -0.12915043232462456,
            -0.4235591725736493,
            -0.1057787136692912,
            -0.1052662526757923,
            -0.4743219144829102,
            -0.10816128031039933,
            -0.1052662526757923,
            -0.46559738416111746,
            -0.4235591725736493,
            -0.42354293658011033,
            -0.9401728936792437,
            -0.10549066422652079,
            -0.4671845504909841,
            -0.10549066422652079,
            -0.1048181936265101,
            -0.2794217217752408,
            -0.00680303780887793,
